index,Country,Emissions
15,Trinidad and Tobago,13.1
56,Chile,5.15
58,Panama,4.72
59,Argentina,4.71
60,Venezuela,4.7
64,Mexico,4.13
67,Ecuador,2.86
68,Brazil,2.52
70,Peru,2.31
73,Colombia,2.06
74,Uruguay,2.04
82,Costa Rica,1.34
83,Jamaica,1.1
90,Dominican Republic,0.86
91,Paraguay,0.78
94,El Salvador,0.57
96,Honduras,0.5
97,Guatemala,0.49
98,Bolivia,0.47
102,Nicaragua,0.37
