Country,Emissions,GDP
Argentina,4.71,-0.53
Bolivia,0.47,-0.69
Brazil,2.52,-0.83
Chile,5.15,0.32
Colombia,2.06,-0.77
Costa Rica,1.34,-0.79
Ecuador,2.86,-0.69
El Salvador,0.57,-0.85
Guatemala,0.49,-0.83
Honduras,0.5,-0.88
Mexico,4.13,-0.73
Panama,4.72,-0.85
Paraguay,0.78,-0.84
Peru,2.31,-0.51
Trinidad and Tobago,13.1,-0.82
Uruguay,2.04,-0.55
Venezuela,4.7,-0.91
